Item,Realm,Type,On Hand,Storage 1,Storage 2,Storage 3,Needed
Digging Training Manual,Base Game,Enchantments,,,,,
Even More Miraculous Fishing Bait,Base Game,Enchantments,,,,,
Even More Miraculous Growth Elixir,Base Game,Enchantments,,,,,
Even More Miraculous Pickaxe Polish,Base Game,Enchantments,,,,,
Even More Miraculous Shovel Varnish,Base Game,Enchantments,,,,,
Fishing Training Manual,Base Game,Enchantments,,,,,
Foraging Training Manual,Base Game,Enchantments,,,,,
Gardening Training Manual,Base Game,Enchantments,,,,,
Mining Training Manual,Base Game,Enchantments,,,,,
Miracle Fishing Bait,Base Game,Enchantments,,,,,
Miracle Growth Elixir,Base Game,Enchantments,,,,,
Miracle Pickaxe Polish,Base Game,Enchantments,,,,,
Miracle Shovel Varnish,Base Game,Enchantments,,,,,
Snippet Catching Training Manual,Base Game,Enchantments,,,,,
Timebending Training Manual,Base Game,Enchantments,,,,,
Ancient's Path,Base Game,Fencing & Paving,,,,,
Ancient's Road,Base Game,Fencing & Paving,,,,,
Asphalt,Base Game,Fencing & Paving,,,,,
Asphalt with Border,Base Game,Fencing & Paving,,,,,
Brick Road,Base Game,Fencing & Paving,,,,,
Brick Road with Border,Base Game,Fencing & Paving,,,,,
Dark Wire Mesh Fence (Base),Base Game,Fencing & Paving,,,,,
Dark Wood Fence (Base),Base Game,Fencing & Paving,,,,,
Deluxe Sugar Cookie Pavement,Base Game,Fencing & Paving,,,,,
Gem and Opal Road,Base Game,Fencing & Paving,,,,,
Gem and Opal Road with Border,Base Game,Fencing & Paving,,,,,
Gold and Opal Road,Base Game,Fencing & Paving,,,,,
Gold and Opal Road with Border,Base Game,Fencing & Paving,,,,,
Golden Brick Road,Base Game,Fencing & Paving,,,,,
Golden Brick Road with Border,Base Game,Fencing & Paving,,,,,
Green Bamboo Fence (Base),Base Game,Fencing & Paving,,,,,
Iron Spike and Brick Fence (Base),Base Game,Fencing & Paving,,,,,
Leaf-Strewn Path,Base Game,Fencing & Paving,,,,,
Leaf-Strewn Path with Border,Base Game,Fencing & Paving,,,,,
Loose Gravel Path,Base Game,Fencing & Paving,,,,,
Loose Gravel Path with Border,Base Game,Fencing & Paving,,,,,
Main Street Path,Base Game,Fencing & Paving,,,,,
Metal Spike Fence (Base),Base Game,Fencing & Paving,,,,,
Muddy Path,Base Game,Fencing & Paving,,,,,
Muddy Path with Border,Base Game,Fencing & Paving,,,,,
Natural Rock Path,Base Game,Fencing & Paving,,,,,
Natural Rock Path with Border,Base Game,Fencing & Paving,,,,,
Pale Wood Fence,Base Game,Fencing & Paving,,,,,
Savanna Wooden Fence,Base Game,Fencing & Paving,,,,,
Sinister Brick Road,Base Game,Fencing & Paving,,,,,
Sinister Brick Road with Border,Base Game,Fencing & Paving,,,,,
Snowy Brick Road,Base Game,Fencing & Paving,,,,,
Snowy Brick Road with Border,Base Game,Fencing & Paving,,,,,
Sugar Cookie Pavement,Base Game,Fencing & Paving,,,,,
Sun-Baked Earthen Road,Base Game,Fencing & Paving,,,,,
Sun-Baked Earthen Road with Border,Base Game,Fencing & Paving,,,,,
White Bamboo Fence (Base),Base Game,Fencing & Paving,,,,,
Wire Mesh Fence (Base),Base Game,Fencing & Paving,,,,,
Wrought Iron Fence,Base Game,Fencing & Paving,,,,,
Bayou Companion Home,Base Game,Functional Items,,,,,
Black Flat-Top Stove,Base Game,Functional Items,,,,,
Black Gas Stove,Base Game,Functional Items,,,,,
Black Retro Portable Radio,Base Game,Functional Items,,,,,
Blue Retro Portable Radio,Base Game,Functional Items,,,,,
Brown Retro Portable Radio,Base Game,Functional Items,,,,,
Campfire,Base Game,Functional Items,,,,,
Chin Up White Mannequin,Base Game,Functional Items,,,,,
Cozy Companion Home,Base Game,Functional Items,,,,,
Custom Signpost,Base Game,Functional Items,,,,,
Delicious Gift,Base Game,Functional Items,,,,,
Flying Companion Feeder,Base Game,Functional Items,,,,,
Fuzzy Friend Companion Dish,Base Game,Functional Items,,,,,
Gray Flat-Top Stove,Base Game,Functional Items,,,,,
Gray Gas Stove,Base Game,Functional Items,,,,,
Gray Mailbox,Base Game,Functional Items,,,,,
Hand on Hip Black Mannequin,Base Game,Functional Items,,,,,
Handcrafted Gift,Base Game,Functional Items,,,,,
Hesitant White Mannequin,Base Game,Functional Items,,,,,
Iron Crafting Station,Base Game,Functional Items,,,,,
Large Blue Chest,Base Game,Functional Items,,,,,
Large Chest,Base Game,Functional Items,,,,,
Large Green Chest,Base Game,Functional Items,,,,,
Large Red Chest,Base Game,Functional Items,,,,,
Large White Chest,Base Game,Functional Items,,,,,
Large Yellow Chest,Base Game,Functional Items,,,,,
Medium Blue Chest,Base Game,Functional Items,,,,,
Medium Chest,Base Game,Functional Items,,,,,
Medium Green Chest,Base Game,Functional Items,,,,,
Medium Red Chest,Base Game,Functional Items,,,,,
Medium White Chest,Base Game,Functional Items,,,,,
Medium Yellow Chest,Base Game,Functional Items,,,,,
Naughty Gift,Base Game,Functional Items,,,,,
Pale Gray Flat-Stop Stove,Base Game,Functional Items,,,,,
Pale Gray Gast Stove,Base Game,Functional Items,,,,,
Pink Flat-Top Stove,Base Game,Functional Items,,,,,
Pink Gas Stove,Base Game,Functional Items,,,,,
Pixar Companion Ball,Base Game,Functional Items,,,,,
Playful Companion Pinwheel,Base Game,Functional Items,,,,,
Purple Button,Base Game,Functional Items,,,,,
Red Mailbox,Base Game,Functional Items,,,,,
Relaxed Black Mannequin,Base Game,Functional Items,,,,,
Relaxed White Mannequin,Base Game,Functional Items,,,,,
Shiny Gift,Base Game,Functional Items,,,,,
Slow Cooker,Base Game,Functional Items,,,,,
Small Blue Chest,Base Game,Functional Items,,,,,
Small Chest,Base Game,Functional Items,,,,,
Small Green Chest,Base Game,Functional Items,,,,,
Small Red Chest,Base Game,Functional Items,,,,,
Small White Chest,Base Game,Functional Items,,,,,
Small Yellow Chest,Base Game,Functional Items,,,,,
Thoughtful Black Mannequin,Base Game,Functional Items,,,,,
Tropical Companion Home,Base Game,Functional Items,,,,,
Uncrafting Station,Base Game,Functional Items,,,,,
White Flat-Top Stove,Base Game,Functional Items,,,,,
White Gas Stove,Base Game,Functional Items,,,,,
Wooden Crafting Station,Base Game,Functional Items,,,,,
"""Don't Put Em All In One Basket"" Basket",Base Game,Furniture,,,,,
Barrel Fragment,Base Game,Furniture,,,,,
Basic Armchair,Base Game,Furniture,,,,,
Basic Beach Chair,Base Game,Furniture,,,,,
Basic Chair,Base Game,Furniture,,,,,
Basic Couch,Base Game,Furniture,,,,,
Basic Desk,Base Game,Furniture,,,,,
Basic Double Bed,Base Game,Furniture,,,,,
Basic Dresser,Base Game,Furniture,,,,,
Basic Fridge,Base Game,Furniture,,,,,
Basic Lamp,Base Game,Furniture,,,,,
Basic Large Table,Base Game,Furniture,,,,,
Basic Parasol and Towel,Base Game,Furniture,,,,,
Basic Picnic Table,Base Game,Furniture,,,,,
Basic Rug,Base Game,Furniture,,,,,
Basic Side Table,Base Game,Furniture,,,,,
Basic Wardrobe,Base Game,Furniture,,,,,
Basket,Base Game,Furniture,,,,,
Bench,Base Game,Furniture,,,,,
Bistro Chair,Base Game,Furniture,,,,,
Bistro Table,Base Game,Furniture,,,,,
Black and White Mickey Mouse Water Tower,Base Game,Furniture,,,,,
Black Wrought Iron Streetlamp,Base Game,Furniture,,,,,
"Black, White, and Yellow Balloon Cluster",Base Game,Furniture,,,,,
Blank Sandwich Board,Base Game,Furniture,,,,,
Blue Balloon Arch,Base Game,Furniture,,,,,
Blue Balloon Cluster,Base Game,Furniture,,,,,
Blue Light High Beach Torch,Base Game,Furniture,,,,,
Blue Light Low Beach Torch,Base Game,Furniture,,,,,
Blue Wrought Iron Streetlamp,Base Game,Furniture,,,,,
Bonfire Pit,Base Game,Furniture,,,,,
Broken Carved Pillar Base,Base Game,Furniture,,,,,
Broken Pillar Base,Base Game,Furniture,,,,,
Bromeliad and Marsh Milkweed Pot,Base Game,Furniture,,,,,
"Brown, Green, and Yellow Balloon Arch",Base Game,Furniture,,,,,
"Brown, Green, and Yellow Balloon Cluster",Base Game,Furniture,,,,,
Burlap Bags,Base Game,Furniture,,,,,
Cart,Base Game,Furniture,,,,,
Cinderella Popcorn Bucket,Base Game,Furniture,,,,,
Classic Snowman,Base Game,Furniture,,,,,
Colorful Park Bench,Base Game,Furniture,,,,,
Compass Ottoman,Base Game,Furniture,,,,,
Compost Bin,Base Game,Furniture,,,,,
Crate,Base Game,Furniture,,,,,
Daisy and Marsh Milkweed Pot,Base Game,Furniture,,,,,
Dandelion and Rising Penstemon Pot,Base Game,Furniture,,,,,
Disney Park Balloons,Base Game,Furniture,,,,,
Display Pillar,Base Game,Furniture,,,,,
DJ Booth Rig,Base Game,Furniture,,,,,
Dug Popcorn Bucket,Base Game,Furniture,,,,,
Egg-cellent Balloons,Base Game,Furniture,,,,,
Elegant Gazebo,Base Game,Furniture,,,,,
Elegant Town Square Clock,Base Game,Furniture,,,,,
End of the Rainbow Cauldron,Base Game,Furniture,,,,,
Falling Penstemon and Bell Flower Pot,Base Game,Furniture,,,,,
Festive Pennants,Base Game,Furniture,,,,,
Figment Popcorn Bucket,Base Game,Furniture,,,,,
Flower Boxes,Base Game,Furniture,,,,,
Flower Pots,Base Game,Furniture,,,,,
Fountain,Base Game,Furniture,,,,,
Granite Fire Bowl,Base Game,Furniture,,,,,
Green Light High Beach Torch,Base Game,Furniture,,,,,
Green Light Low Beach Torch,Base Game,Furniture,,,,,
Green Wrought Iron Streetlamp,Base Game,Furniture,,,,,
Half-Barrel,Base Game,Furniture,,,,,
Hanging Egg Chair,Base Game,Furniture,,,,,
Haughty Snowman,Base Game,Furniture,,,,,
Hay Bale,Base Game,Furniture,,,,,
Hay Bales,Base Game,Furniture,,,,,
Heavy Wooden Table,Base Game,Furniture,,,,,
Helm Bookshelf,Base Game,Furniture,,,,,
Hydrangea and Bell Flower Pot,Base Game,Furniture,,,,,
Imagination Land Arch,Base Game,Furniture,,,,,
Impatiens and Bromeliad Pot,Base Game,Furniture,,,,,
Jubilant Topiary,Base Game,Furniture,,,,,
Lamppost with Blue Light,Base Game,Furniture,,,,,
Lamppost with Green Light,Base Game,Furniture,,,,,
Lamppost with Red Light,Base Game,Furniture,,,,,
Lamppost with Yellow Light,Base Game,Furniture,,,,,
Large Marketplace Chest,Base Game,Furniture,,,,,
Left Signpost,Base Game,Furniture,,,,,
Lost Boys Audition Sign,Base Game,Furniture,,,,,
Low Sculpted Pillar,Base Game,Furniture,,,,,
Mailbox,Base Game,Furniture,,,,,
Map,Base Game,Furniture,,,,,
Metallic Mickey Popcorn Bucket,Base Game,Furniture,,,,,
Mickey Mouse Park Balloons,Base Game,Furniture,,,,,
Mickey's Halloween Candy Bowl,Base Game,Furniture,,,,,
Minecart Popcorn Bucket,Base Game,Furniture,,,,,
Mossy Circle-Carving Stone,Base Game,Furniture,,,,,
Mossy Eye-Carving Stone,Base Game,Furniture,,,,,
Mossy Fallen Pillar,Base Game,Furniture,,,,,
Nasturtium and Marsh Milkweed Pot,Base Game,Furniture,,,,,
Nautical Themed Couch,Base Game,Furniture,,,,,
Old Barrel,Base Game,Furniture,,,,,
Ornate Parisian Statue,Base Game,Furniture,,,,,
Outdoor Lounge Chair,Base Game,Furniture,,,,,
Outhouse,Base Game,Furniture,,,,,
Over Easy Chair,Base Game,Furniture,,,,,
Painted Wood Table,Base Game,Furniture,,,,,
Parade Festival Arch,Base Game,Furniture,,,,,
Park Banner Lamppost,Base Game,Furniture,,,,,
Passion Lily and Houseleek Pot,Base Game,Furniture,,,,,
Pile of Crates,Base Game,Furniture,,,,,
Pink and Blue Flower Disk,Base Game,Furniture,,,,,
"Pink, Blue, and Purple Flower Rectangle",Base Game,Furniture,,,,,
"Pink, Red, and Purple Flower Rectangle",Base Game,Furniture,,,,,
"Pink, Yellow, and Black Flower Disk",Base Game,Furniture,,,,,
"Pink, Yellow, and Blue Balloon Arch",Base Game,Furniture,,,,,
"Pink, Yellow, and Blue Balloon Cluster",Base Game,Furniture,,,,,
Pooh's Popcorn Bucket,Base Game,Furniture,,,,,
Potted Spring Egg Tree,Base Game,Furniture,,,,,
Purple Wrought Iron Streetlamp,Base Game,Furniture,,,,,
"Purple, Pink, and Yellow Flower Disk",Base Game,Furniture,,,,,
Rectangular Soil Area,Base Game,Furniture,,,,,
Red and Black Passion Lily Pot,Base Game,Furniture,,,,,
Red and Yellow Flower Disk,Base Game,Furniture,,,,,
Red Light High Beach Torch,Base Game,Furniture,,,,,
"Red, Blue, and Green Flower Rectangle",Base Game,Furniture,,,,,
"Red, White, and Purple Flower Rectangle",Base Game,Furniture,,,,,
"Red, Yellow, and Black Balloon Cluster",Base Game,Furniture,,,,,
Refreshment Chest,Base Game,Furniture,,,,,
Right Signpost,Base Game,Furniture,,,,,
Round Blue Three-Pronged,Base Game,Furniture,,,,,
Round Lamppost with Blue Light,Base Game,Furniture,,,,,
Round Lamppost with Orange Light,Base Game,Furniture,,,,,
Round Lamppost with Pink Light,Base Game,Furniture,,,,,
Round Lamppost with White Light,Base Game,Furniture,,,,,
Round Orange Three-Pronged Lamppost,Base Game,Furniture,,,,,
Round Pink Three-ProngedLamppost,Base Game,Furniture,,,,,
Round Soil Area,Base Game,Furniture,,,,,
Round White Three-Pronged Lamppost,Base Game,Furniture,,,,,
Rustic Clock Tower,Base Game,Furniture,,,,,
Rustic Wooden Case,Base Game,Furniture,,,,,
Sack,Base Game,Furniture,,,,,
Scrooge McDuck's Store Sign,Base Game,Furniture,,,,,
Ship Coffee Table,Base Game,Furniture,,,,,
Short Birdhouse,Base Game,Furniture,,,,,
Sizzling BBQ Cooking Station,Base Game,Furniture,,,,,
Small Marketplace Chest,Base Game,Furniture,,,,,
Snow Kid,Base Game,Furniture,,,,,
Snow Lady,Base Game,Furniture,,,,,
Spring Egg Bounty,Base Game,Furniture,,,,,
Stack of Crates,Base Game,Furniture,,,,,
Stack of Firewood,Base Game,Furniture,,,,,
Stall,Base Game,Furniture,,,,,
Star Lily and Falling Penstemon Pot,Base Game,Furniture,,,,,
Stellar Blue DJ Booth,Base Game,Furniture,,,,,
Stellar Pink DJ Booth,Base Game,Furniture,,,,,
Stitch Popcorn Bucket,Base Game,Furniture,,,,,
Stone Well,Base Game,Furniture,,,,,
Sturdy Chair,Base Game,Furniture,,,,,
Summer Crafting Station,Base Game,Furniture,,,,,
Sunflower and Daisy Pot,Base Game,Furniture,,,,,
Sunny Side Up Arch,Base Game,Furniture,,,,,
Swimming Pool,Base Game,Furniture,,,,,
Tall Birdhouse,Base Game,Furniture,,,,,
Tissue Boc,Base Game,Furniture,,,,,
Tool Rack,Base Game,Furniture,,,,,
Trellis,Base Game,Furniture,,,,,
Trellis Arch,Base Game,Furniture,,,,,
Vintage Cooler,Base Game,Furniture,,,,,
"White, Red, and Purple Flower Disk",Base Game,Furniture,,,,,
Wide Arched Window,Base Game,Furniture,,,,,
Wonderland Candle,Base Game,Furniture,,,,,
Wooden Bucket,Base Game,Furniture,,,,,
Wooden Lamppost with Yellow Light,Base Game,Furniture,,,,,
Wooden Table,Base Game,Furniture,,,,,
Wooden Training Dummy,Base Game,Furniture,,,,,
Wrought Iron Arch,Base Game,Furniture,,,,,
Yellow and White Flower Rectangle,Base Game,Furniture,,,,,
Yellow Light High Beach Torch,Base Game,Furniture,,,,,
Yellow Light Low Beach Torch,Base Game,Furniture,,,,,
Yellow Light Low Beach Torch,Base Game,Furniture,,,,,
"Yellow, Black, and White Balloon Arch",Base Game,Furniture,,,,,
"Yellow, Green, and Purple Flower Rectangle",Base Game,Furniture,,,,,
"Yellow, Red, and Black Balloon Arch",Base Game,Furniture,,,,,
"Yellow, Red, and Blue Flower Disk",Base Game,Furniture,,,,,
Zen Garden,Base Game,Furniture,,,,,
Brick,Base Game,Refined Material,,,,,
Coal Ore x 10,Base Game,Refined Material,,,,,
Empty Vial,Base Game,Refined Material,,,,,
Fabric,Base Game,Refined Material,,,,,
Fiber,Base Game,Refined Material,,,,,
Four-Leaf Clover,Base Game,Refined Material,,,,,
Glass,Base Game,Refined Material,,,,,
Gold Ingot,Base Game,Refined Material,,,,,
Gold Nugget,Base Game,Refined Material,,,,,
Iron Ingot,Base Game,Refined Material,,,,,
Iron Ingot x 2,Base Game,Refined Material,,,,,
Rope,Base Game,Refined Material,,,,,
Seaweed,Base Game,Refined Material,,,,,
Tinkering Parts,Base Game,Refined Material,,,,,
V-EGG-etable Seed,Base Game,Refined Material,,,,,
Dreamlight x 250,"Base Game, Eternity Isle, Storybook Vale",Enchantments,,,,,
Purified Night Shard,"Base Game, Eternity Isle, Storybook Vale",Enchantments,,,,,
Night Shard,"Base Game, Eternity Isle, Storybook Vale",Refined Material,,,,,
Soil,"Base Game, Eternity Isle, Storybook Vale",Refined Material,,,,,
Advanced Ancient Cooker,Eternity Isle,Ancient Machines,,,,,
Advanced Ancient Gardener,Eternity Isle,Ancient Machines,,,,,
Advanced Ancient Vacuum,Eternity Isle,Ancient Machines,,,,,
Basic Ancient Cooker,Eternity Isle,Ancient Machines,,,,,
Basic Ancient Gardener,Eternity Isle,Ancient Machines,,,,,
Basic Ancient Vacuum,Eternity Isle,Ancient Machines,,,,,
Regular Ancient Cooker,Eternity Isle,Ancient Machines,,,,,
Regular Ancient Gardener,Eternity Isle,Ancient Machines,,,,,
Regular Ancient Vacuum,Eternity Isle,Ancient Machines,,,,,
Ancient Gear Corner Tile,Eternity Isle,Fencing & Paving,,,,,
Ancient Gear Tile,Eternity Isle,Fencing & Paving,,,,,
Ancient Tile Path,Eternity Isle,Fencing & Paving,,,,,
Ancient Tile Road,Eternity Isle,Fencing & Paving,,,,,
Ancient's Bamboo Fence,Eternity Isle,Fencing & Paving,,,,,
Blend Left Curving Trolley Tracks,Eternity Isle,Fencing & Paving,,,,,
Blend Right Curving Trolley Tracks,Eternity Isle,Fencing & Paving,,,,,
Blue Bronze Pathway,Eternity Isle,Fencing & Paving,,,,,
Curved Trolley Tracks,Eternity Isle,Fencing & Paving,,,,,
Gold Bumblestone Path,Eternity Isle,Fencing & Paving,,,,,
Green and Purple Speckled Path,Eternity Isle,Fencing & Paving,,,,,
Green Bumblestone Path,Eternity Isle,Fencing & Paving,,,,,
Oswaldian Blend Left Curving Trolley Tracks,Eternity Isle,Fencing & Paving,,,,,
Oswaldian Blend Right Curving Trolley Tracks,Eternity Isle,Fencing & Paving,,,,,
Oswaldian Curved Trolley Tracks,Eternity Isle,Fencing & Paving,,,,,
Oswaldian Straight Trolley Tracks,Eternity Isle,Fencing & Paving,,,,,
Precious Amber Pebble Path,Eternity Isle,Fencing & Paving,,,,,
Precious Pebble Path,Eternity Isle,Fencing & Paving,,,,,
Red Bronze Pathway,Eternity Isle,Fencing & Paving,,,,,
Straight Trolley Tracks,Eternity Isle,Fencing & Paving,,,,,
Yellow and Blue Speckled Path,Eternity Isle,Fencing & Paving,,,,,
Timebending Table,Eternity Isle,Functional Items,,,,,
Agrabah Palace Model,Eternity Isle,Furniture,,,,,
Ancient Fence Base,Eternity Isle,Furniture,,,,,
Ancient Fountain,Eternity Isle,Furniture,,,,,
Ancient Hammock,Eternity Isle,Furniture,,,,,
Ancient Mine Cart,Eternity Isle,Furniture,,,,,
Ancient Part Bookshelf,Eternity Isle,Furniture,,,,,
Ancient Part Chair,Eternity Isle,Furniture,,,,,
Ancient Part Shower,Eternity Isle,Furniture,,,,,
Ancient Part Side Table,Eternity Isle,Furniture,,,,,
Ancient Part Sink,Eternity Isle,Furniture,,,,,
Ancient Part Towel Rack,Eternity Isle,Furniture,,,,,
Ancient Treadmill,Eternity Isle,Furniture,,,,,
Ancient Vinyl Holder,Eternity Isle,Furniture,,,,,
Attorney Stand,Eternity Isle,Furniture,,,,,
Bing Bong's Wagon,Eternity Isle,Furniture,,,,,
Blue Ancient Lamppost,Eternity Isle,Furniture,,,,,
Decorative Ancient Door,Eternity Isle,Furniture,,,,,
Decorative Vacuum,Eternity Isle,Furniture,,,,,
Enchanted Stained Glass Window,Eternity Isle,Furniture,,,,,
Geared-Up Clock,Eternity Isle,Furniture,,,,,
Green Ancient Lamppost,Eternity Isle,Furniture,,,,,
Highland Family Tapestry,Eternity Isle,Furniture,,,,,
Ice Harvester's Pallet Bed,Eternity Isle,Furniture,,,,,
Isabela's Flower Bed,Eternity Isle,Furniture,,,,,
King Triton's Throne,Eternity Isle,Furniture,,,,,
Large Heap of Riches,Eternity Isle,Furniture,,,,,
Medium Heap of Riches,Eternity Isle,Furniture,,,,,
Monster-of-the-Month Frames,Eternity Isle,Furniture,,,,,
Mythic Vase,Eternity Isle,Furniture,,,,,
Pink Ancient Lamppost,Eternity Isle,Furniture,,,,,
Ratatouille Metro Entrance,Eternity Isle,Furniture,,,,,
Round White Basket,Eternity Isle,Furniture,,,,,
Scrooge's First Dime,Eternity Isle,Furniture,,,,,
Small Heap of Riches,Eternity Isle,Furniture,,,,,
Stone Slab Path,Eternity Isle,Furniture,,,,,
Stone Slab Road,Eternity Isle,Furniture,,,,,
Sugar Rush Starting Line,Eternity Isle,Furniture,,,,,
Sword in a Stone,Eternity Isle,Furniture,,,,,
Tavern Piano,Eternity Isle,Furniture,,,,,
The V8 Cafe,Eternity Isle,Furniture,,,,,
Toontown Fire Engine,Eternity Isle,Furniture,,,,,
White Ancient Lamppost,Eternity Isle,Furniture,,,,,
Yellow Ancient Lamppost,Eternity Isle,Furniture,,,,,
Ancient Robot (Companion),Eternity Isle,Other,,,,,
Forky (Scramblecoin Figurine),Eternity Isle,Other,,,,,
Kristoff (Scramblecoin Figurine),Eternity Isle,Other,,,,,
Merlin (Scramblecoin Figurine),Eternity Isle,Other,,,,,
Rafiki (Scramblecoin Figurine),Eternity Isle,Other,,,,,
Brass Ingot,Eternity Isle,Refined Material,,,,,
Bronze Ingot,Eternity Isle,Refined Material,,,,,
Electric Power,Eternity Isle,Refined Material,,,,,
Mechanical Parts,Eternity Isle,Refined Material,,,,,
Marble Fence,Storybook Vale,Fencing & Paving,,,,,
Basic Faerie Lure Trap,Storybook Vale,Functional Items,,,,,
Basic Faerie Slow Trap,Storybook Vale,Functional Items,,,,,
Basic Faerie Snippet Repellent,Storybook Vale,Functional Items,,,,,
Basic Fall Leaves Lure Trap,Storybook Vale,Functional Items,,,,,
Basic Fall Leaves Slow Trap,Storybook Vale,Functional Items,,,,,
Basic Fall Leaves Snippet Repellent,Storybook Vale,Functional Items,,,,,
Basic Olympic Lure Trap,Storybook Vale,Functional Items,,,,,
Basic Olympic Slow Trap,Storybook Vale,Functional Items,,,,,
Basic Olympic Snippet Repellent,Storybook Vale,Functional Items,,,,,
Chariot Lift,Storybook Vale,Functional Items,,,,,
Fairytale Armor,Storybook Vale,Functional Items,,,,,
"""La Ratatouille"" Sign",Storybook Vale,Furniture,,,,,
Agrabah Chair,Storybook Vale,Furniture,,,,,
Archery Target,Storybook Vale,Furniture,,,,,
Atrium Candles,Storybook Vale,Furniture,,,,,
Autumn Mage Scarecrow,Storybook Vale,Furniture,,,,,
Autumnal Bind Fence,Storybook Vale,Furniture,,,,,
Autumnal Volleyball Net,Storybook Vale,Furniture,,,,,
Black Rose Stone Fence,Storybook Vale,Furniture,,,,,
Brave Bear Tapestry,Storybook Vale,Furniture,,,,,
Bridge Lamp Post,Storybook Vale,Furniture,,,,,
Broken Cobblestone Path,Storybook Vale,Furniture,,,,,
Classroom Blackboard,Storybook Vale,Furniture,,,,,
Classroom Pens and Pencils,Storybook Vale,Furniture,,,,,
Corporate Ceiling Lamp,Storybook Vale,Furniture,,,,,
Dumptruck Armchair,Storybook Vale,Furniture,,,,,
Fountain of Thebes,Storybook Vale,Furniture,,,,,
Garden Temple,Storybook Vale,Furniture,,,,,
Giant Leaf Chair,Storybook Vale,Furniture,,,,,
Gray Storybook Frame,Storybook Vale,Furniture,,,,,
Great Tome Banner,Storybook Vale,Furniture,,,,,
Grecian Workout Bench,Storybook Vale,Furniture,,,,,
Greek Mosaic Rug,Storybook Vale,Furniture,,,,,
Green Bind Armchair,Storybook Vale,Furniture,,,,,
Green Bind Couch,Storybook Vale,Furniture,,,,,
Green Bind L Couch,Storybook Vale,Furniture,,,,,
Green Novel Tennis Table,Storybook Vale,Furniture,,,,,
Green Rustic Wooden Desk,Storybook Vale,Furniture,,,,,
Halloween Town Clock,Storybook Vale,Furniture,,,,,
Lilo's Bunk Bed,Storybook Vale,Furniture,,,,,
Madrigal Family Door,Storybook Vale,Furniture,,,,,
Medieval Wooden Chair,Storybook Vale,Furniture,,,,,
Mossy Stone Fence,Storybook Vale,Furniture,,,,,
Orange Bind Armchair,Storybook Vale,Furniture,,,,,
Orange Bind Couch,Storybook Vale,Furniture,,,,,
Orange Bind L Couch,Storybook Vale,Furniture,,,,,
Potted Blooming Tree,Storybook Vale,Furniture,,,,,
Red Novel Tennis Table,Storybook Vale,Furniture,,,,,
Red Rose Stone Fence,Storybook Vale,Furniture,,,,,
Royal Candy Doors,Storybook Vale,Furniture,,,,,
Rustic Wooden Desk,Storybook Vale,Furniture,,,,,
Sea Palace Window,Storybook Vale,Furniture,,,,,
Storybook Frame,Storybook Vale,Furniture,,,,,
Swirly Striped Rug,Storybook Vale,Furniture,,,,,
The Bind Fountain,Storybook Vale,Furniture,,,,,
The Princess and the Frog Chest,Storybook Vale,Furniture,,,,,
The Stained Glass Window to Imagination,Storybook Vale,Furniture,,,,,
Transparent Blooming Teapot,Storybook Vale,Furniture,,,,,
Transportation Table,Storybook Vale,Furniture,,,,,
White Rose Stone Fence,Storybook Vale,Furniture,,,,,
Wooden Storybook Frame,Storybook Vale,Furniture,,,,,
Blue Bird Snippet,"Storybook Vale, Base Game",Refined Material,,,,,
Green Bird Snippet,"Storybook Vale, Base Game",Refined Material,,,,,
Green Demon Snippet,"Storybook Vale, Base Game",Refined Material,,,,,
Green Frog Snippet,"Storybook Vale, Base Game",Refined Material,,,,,
Pink Frog Snippet,"Storybook Vale, Base Game",Refined Material,,,,,
Purple Frog Snippet,"Storybook Vale, Base Game",Refined Material,,,,,
Red Brd Snippet,"Storybook Vale, Base Game",Refined Material,,,,,
Red Demon Snippet,"Storybook Vale, Base Game",Refined Material,,,,,
Storybook Magic x- 15,"Storybook Vale, Base Game",Refined Material,,,,,
Yellow Bird Snippet,"Storybook Vale, Base Game",Refined Material,,,,,
Yellow Frog Snippet,"Storybook Vale, Base Game",Refined Material,,,,,
Alpine Cobblestone Path,Wishblossom Ranch,Fencing & Paving,,,,,
Alpine Cobblestone Road,Wishblossom Ranch,Fencing & Paving,,,,,
Black Metal Barrier,Wishblossom Ranch,Fencing & Paving,,,,,
Classic Farm Fence,Wishblossom Ranch,Fencing & Paving,,,,,
Feathered Fence,Wishblossom Ranch,Fencing & Paving,,,,,
Flowering Wood Fencing,Wishblossom Ranch,Fencing & Paving,,,,,
Rustic Log Fence,Wishblossom Ranch,Fencing & Paving,,,,,
Slate Stone Path,Wishblossom Ranch,Fencing & Paving,,,,,
Snowy Classic Farm Fence,Wishblossom Ranch,Fencing & Paving,,,,,
Snowy Rustic Log Fence,Wishblossom Ranch,Fencing & Paving,,,,,
Snowy Stone Path,Wishblossom Ranch,Fencing & Paving,,,,,
60s Era TV Set,Wishblossom Ranch,Furniture,,,,,
Acorn Drums,Wishblossom Ranch,Furniture,,,,,
Alpine Cuckoo Clock,Wishblossom Ranch,Furniture,,,,,
Alpine Dining Chair,Wishblossom Ranch,Furniture,,,,,
Alpine Farmhouse Sink,Wishblossom Ranch,Furniture,,,,,
Alpine Floral Arch,Wishblossom Ranch,Furniture,,,,,
Alpine Water Tanks,Wishblossom Ranch,Furniture,,,,,
Artful Roots Arch,Wishblossom Ranch,Furniture,,,,,
Bicycle Coffee Bar,Wishblossom Ranch,Furniture,,,,,
Black and White Striped Settee,Wishblossom Ranch,Furniture,,,,,
Black Glass Mod Coffee Table,Wishblossom Ranch,Furniture,,,,,
Black Leaf Sculpture,Wishblossom Ranch,Furniture,,,,,
Blue Birthday Candle Lamppost,Wishblossom Ranch,Furniture,,,,,
Blue Heffalump Hot Air Balloon,Wishblossom Ranch,Furniture,,,,,
Cast Iron Greenhouse,Wishblossom Ranch,Furniture,,,,,
Cast Iron Greyhound Sculpture,Wishblossom Ranch,Furniture,,,,,
Checkered Fashion-Show Runway,Wishblossom Ranch,Furniture,,,,,
Cozy Alpine Rocking Chair,Wishblossom Ranch,Furniture,,,,,
Dark Deco Mirror,Wishblossom Ranch,Furniture,,,,,
De Vil Manor Archway,Wishblossom Ranch,Furniture,,,,,
De Vil Manor Corner,Wishblossom Ranch,Furniture,,,,,
De Vil Manor Corner Storehouse,Wishblossom Ranch,Furniture,,,,,
De Vil Manor Entry,Wishblossom Ranch,Furniture,,,,,
De Vil Manor Small Entry,Wishblossom Ranch,Furniture,,,,,
De Vil Manor Wing,Wishblossom Ranch,Furniture,,,,,
De Vil Solarium,Wishblossom Ranch,Furniture,,,,,
Decorative Horse Feeder,Wishblossom Ranch,Furniture,,,,,
Elegant Skunk House,Wishblossom Ranch,Furniture,,,,,
Fairy Harp,Wishblossom Ranch,Furniture,,,,,
Fairy Pipe Organ,Wishblossom Ranch,Furniture,,,,,
Farmhouse Pantry Wall,Wishblossom Ranch,Furniture,,,,,
Farmhouse Water Trough,Wishblossom Ranch,Furniture,,,,,
Fitting Room Screen,Wishblossom Ranch,Furniture,,,,,
Flat Straw Bale,Wishblossom Ranch,Furniture,,,,,
Floral Bench Swing,Wishblossom Ranch,Furniture,,,,,
Floral Fairy Bench,Wishblossom Ranch,Furniture,,,,,
Floral Fairy Chair,Wishblossom Ranch,Furniture,,,,,
Floral Fairy Table,Wishblossom Ranch,Furniture,,,,,
Flowery Alpine Rug,Wishblossom Ranch,Furniture,,,,,
Flowery Wishblossom Garden,Wishblossom Ranch,Furniture,,,,,
Giant Beehive,Wishblossom Ranch,Furniture,,,,,
Giant Feather Carpet,Wishblossom Ranch,Furniture,,,,,
Giant Galosh Planter,Wishblossom Ranch,Furniture,,,,,
Gothic Bench,Wishblossom Ranch,Furniture,,,,,
Gothic Patio Chairs,Wishblossom Ranch,Furniture,,,,,
Gothic Patio Table,Wishblossom Ranch,Furniture,,,,,
Green Heffalump Hot Air Balloon,Wishblossom Ranch,Furniture,,,,,
Green Leaf Sculpture,Wishblossom Ranch,Furniture,,,,,
Heart-Shaped Planter,Wishblossom Ranch,Furniture,,,,,
Honeycomb Picnic Table,Wishblossom Ranch,Furniture,,,,,
Horseshoe Archway,Wishblossom Ranch,Furniture,,,,,
Iron Dress Form,Wishblossom Ranch,Furniture,,,,,
Leafy Canoe,Wishblossom Ranch,Furniture,,,,,
Leafy Hammock Seat,Wishblossom Ranch,Furniture,,,,,
Magnifying Glass Post,Wishblossom Ranch,Furniture,,,,,
Matchbox Bed,Wishblossom Ranch,Furniture,,,,,
Mod Red Settee,Wishblossom Ranch,Furniture,,,,,
Monochrome Gate,Wishblossom Ranch,Furniture,,,,,
Mossy Spiral Pillar,Wishblossom Ranch,Furniture,,,,,
Nestling Bed,Wishblossom Ranch,Furniture,,,,,
Orange Heffalump Hot Air Balloon,Wishblossom Ranch,Furniture,,,,,
Outdoor Runway Lights,Wishblossom Ranch,Furniture,,,,,
Outdoor Silver Fire Pit,Wishblossom Ranch,Furniture,,,,,
Oversized Umbrella,Wishblossom Ranch,Furniture,,,,,
Painted Alpine Dinner Table,Wishblossom Ranch,Furniture,,,,,
Painted Farm Gate,Wishblossom Ranch,Furniture,,,,,
Pink Alpine Lamppost,Wishblossom Ranch,Furniture,,,,,
Pink Birthday Candle Lamppost,Wishblossom Ranch,Furniture,,,,,
Pink Heffalump Hot Air Balloon,Wishblossom Ranch,Furniture,,,,,
Pink Pyrite Wood Stove,Wishblossom Ranch,Furniture,,,,,
Pixie Acres Awning,Wishblossom Ranch,Furniture,,,,,
Pixie Acres Market Building,Wishblossom Ranch,Furniture,,,,,
Pixie Acres Mossy Building,Wishblossom Ranch,Furniture,,,,,
Pixie Acres Shelter Building,Wishblossom Ranch,Furniture,,,,,
Pixie Acres Short Building,Wishblossom Ranch,Furniture,,,,,
Pixie Acres Tall Building,Wishblossom Ranch,Furniture,,,,,
Pixie Acres Terrarium,Wishblossom Ranch,Furniture,,,,,
Pixie Acres Waterslide,Wishblossom Ranch,Furniture,,,,,
Pretty Flower Garlands,Wishblossom Ranch,Furniture,,,,,
Purple Alpine Lamppost,Wishblossom Ranch,Furniture,,,,,
Purple Birthday Candle Lamppost,Wishblossom Ranch,Furniture,,,,,
Purple Striped Settee,Wishblossom Ranch,Furniture,,,,,
Rack of Fabric Rolls,Wishblossom Ranch,Furniture,,,,,
Rectangular Straw Bale,Wishblossom Ranch,Furniture,,,,,
Red Leaf Sculpture,Wishblossom Ranch,Furniture,,,,,
Red Phone Booth,Wishblossom Ranch,Furniture,,,,,
Round Snowy Straw Bale,Wishblossom Ranch,Furniture,,,,,
Round Snowy Straw Bales,Wishblossom Ranch,Furniture,,,,,
Round Straw Bale,Wishblossom Ranch,Furniture,,,,,
Round Straw Bales,Wishblossom Ranch,Furniture,,,,,
Rustic Log Gate,Wishblossom Ranch,Furniture,,,,,
Scarlet Bell Tower,Wishblossom Ranch,Furniture,,,,,
Shear Topiary,Wishblossom Ranch,Furniture,,,,,
Silver Leaf Sculpture,Wishblossom Ranch,Furniture,,,,,
Snowy Alpine Building,Wishblossom Ranch,Furniture,,,,,
Snowy Alpine Corner — Short,Wishblossom Ranch,Furniture,,,,,
Snowy Alpine Corner — Tall,Wishblossom Ranch,Furniture,,,,,
Snowy Alpine Half Arch,Wishblossom Ranch,Furniture,,,,,
Snowy Alpine Half Arch with Fence,Wishblossom Ranch,Furniture,,,,,
Snowy Alpine Tower with Waterwheel,Wishblossom Ranch,Furniture,,,,,
Snowy Alpine Town Arch,Wishblossom Ranch,Furniture,,,,,
Snowy Alpine Welcome Gate,Wishblossom Ranch,Furniture,,,,,
Snowy Alpine Windmill,Wishblossom Ranch,Furniture,,,,,
Snowy Flat Straw Bale,Wishblossom Ranch,Furniture,,,,,
Snowy Pink Alpine Lamppost,Wishblossom Ranch,Furniture,,,,,
Snowy Purple Alpine Lamppost,Wishblossom Ranch,Furniture,,,,,
Snowy Rectangular Straw Bale,Wishblossom Ranch,Furniture,,,,,
Snowy White Alpine Lamppost,Wishblossom Ranch,Furniture,,,,,
Snowy Yellow Alpine Lamppost,Wishblossom Ranch,Furniture,,,,,
Spotted Settee,Wishblossom Ranch,Furniture,,,,,
Stony Alpine Fireplace,Wishblossom Ranch,Furniture,,,,,
Swinging Alpine Door,Wishblossom Ranch,Furniture,,,,,
Tack Rack,Wishblossom Ranch,Furniture,,,,,
Vintage Lamppost,Wishblossom Ranch,Furniture,,,,,
Vintage Sewing Machine,Wishblossom Ranch,Furniture,,,,,
Wagon Wheel Bookshelf,Wishblossom Ranch,Furniture,,,,,
White Alpine Lamppost,Wishblossom Ranch,Furniture,,,,,
Wrought Iron Flower Trellises,Wishblossom Ranch,Furniture,,,,,
Yellow Alpine Lamppost,Wishblossom Ranch,Furniture,,,,,
Yellow Birthday Candle Lamppost,Wishblossom Ranch,Furniture,,,,,